Question,Response Time,Input Tokens,Output Tokens,Tokens/sec,CPU (%),RAM (MB)
What is Artificial Intelligence?,98.83943367004395,35,221,2.235949679130752,2.6,3771.25390625
Who invented Python?,91.10672450065613,272,63,0.69149670724411,2.5,3773.82421875
What is Machine Learning?,162.1500723361969,350,172,1.0607457494276078,5.0,3768.5234375
Explain cloud computing.,265.5449130535126,536,284,1.069498928577737,2.5,3774.15625
What is an operating system?,343.99273800849915,839,239,0.6947821090167751,2.6,3771.73046875
